model,requested_events,requested_interrupts,effective_events,effective_interrupts,effective_depth,states,safe
F01-direct-use,1,0,1,0,0,2,False
F01-direct-use,1,1,1,1,0,2,False
F01-direct-use,1,2,1,2,0,2,False
F01-direct-use,1,4,1,4,0,2,False
F01-direct-use,1,8,1,8,0,2,False
F01-direct-use,2,0,2,0,0,2,False
F01-direct-use,2,1,2,1,0,2,False
F01-direct-use,2,2,2,2,0,2,False
F01-direct-use,2,4,2,4,0,2,False
F01-direct-use,2,8,2,8,0,2,False
F01-direct-use,3,0,3,0,0,2,False
F01-direct-use,3,1,3,1,0,2,False
F01-direct-use,3,2,3,2,0,2,False
F01-direct-use,3,4,3,4,0,2,False
F01-direct-use,3,8,3,8,0,2,False
F01-direct-use,4,0,4,0,0,2,False
F01-direct-use,4,1,4,1,0,2,False
F01-direct-use,4,2,4,2,0,2,False
F01-direct-use,4,4,4,4,0,2,False
F01-direct-use,4,8,4,8,0,2,False
F01-direct-use,6,0,6,0,0,2,False
F01-direct-use,6,1,6,1,0,2,False
F01-direct-use,6,2,6,2,0,2,False
F01-direct-use,6,4,6,4,0,2,False
F01-direct-use,6,8,6,8,0,2,False
F01-direct-use,8,0,8,0,0,2,False
F01-direct-use,8,1,8,1,0,2,False
F01-direct-use,8,2,8,2,0,2,False
F01-direct-use,8,4,8,4,0,2,False
F01-direct-use,8,8,8,8,0,2,False
F02-deferred-cause,1,0,1,0,0,2,True
F02-deferred-cause,1,1,1,1,0,2,True
F02-deferred-cause,1,2,1,2,0,2,True
F02-deferred-cause,1,4,1,4,0,2,True
F02-deferred-cause,1,8,1,8,0,2,True
F02-deferred-cause,2,0,2,0,0,3,True
F02-deferred-cause,2,1,2,1,0,3,True
F02-deferred-cause,2,2,2,2,0,3,True
F02-deferred-cause,2,4,2,4,0,3,True
F02-deferred-cause,2,8,2,8,0,3,True
F02-deferred-cause,3,0,3,0,0,4,False
F02-deferred-cause,3,1,3,1,0,4,False
F02-deferred-cause,3,2,3,2,0,4,False
F02-deferred-cause,3,4,3,4,0,4,False
F02-deferred-cause,3,8,3,8,0,4,False
F02-deferred-cause,4,0,4,0,0,4,False
F02-deferred-cause,4,1,4,1,0,4,False
F02-deferred-cause,4,2,4,2,0,4,False
F02-deferred-cause,4,4,4,4,0,4,False
F02-deferred-cause,4,8,4,8,0,4,False
F02-deferred-cause,6,0,6,0,0,4,False
F02-deferred-cause,6,1,6,1,0,4,False
F02-deferred-cause,6,2,6,2,0,4,False
F02-deferred-cause,6,4,6,4,0,4,False
F02-deferred-cause,6,8,6,8,0,4,False
F02-deferred-cause,8,0,8,0,0,4,False
F02-deferred-cause,8,1,8,1,0,4,False
F02-deferred-cause,8,2,8,2,0,4,False
F02-deferred-cause,8,4,8,4,0,4,False
F02-deferred-cause,8,8,8,8,0,4,False
F03-truncated-handler,1,0,1,0,1,1,True
F03-truncated-handler,1,1,1,1,1,2,True
F03-truncated-handler,1,2,1,2,1,2,True
F03-truncated-handler,1,4,1,4,1,2,True
F03-truncated-handler,1,8,1,8,1,2,True
F03-truncated-handler,2,0,2,0,1,1,True
F03-truncated-handler,2,1,2,1,1,3,False
F03-truncated-handler,2,2,2,2,1,3,False
F03-truncated-handler,2,4,2,4,1,3,False
F03-truncated-handler,2,8,2,8,1,3,False
F03-truncated-handler,3,0,3,0,1,1,True
F03-truncated-handler,3,1,3,1,1,4,False
F03-truncated-handler,3,2,3,2,1,4,False
F03-truncated-handler,3,4,3,4,1,4,False
F03-truncated-handler,3,8,3,8,1,4,False
F03-truncated-handler,4,0,4,0,1,1,True
F03-truncated-handler,4,1,4,1,1,4,False
F03-truncated-handler,4,2,4,2,1,4,False
F03-truncated-handler,4,4,4,4,1,4,False
F03-truncated-handler,4,8,4,8,1,4,False
F03-truncated-handler,6,0,6,0,1,1,True
F03-truncated-handler,6,1,6,1,1,4,False
F03-truncated-handler,6,2,6,2,1,4,False
F03-truncated-handler,6,4,6,4,1,4,False
F03-truncated-handler,6,8,6,8,1,4,False
F03-truncated-handler,8,0,8,0,1,1,True
F03-truncated-handler,8,1,8,1,1,4,False
F03-truncated-handler,8,2,8,2,1,4,False
F03-truncated-handler,8,4,8,4,1,4,False
F03-truncated-handler,8,8,8,8,1,4,False
F04-returned-handler,1,0,1,0,1,1,True
F04-returned-handler,1,1,1,1,1,2,True
F04-returned-handler,1,2,1,2,1,2,True
F04-returned-handler,1,4,1,4,1,2,True
F04-returned-handler,1,8,1,8,1,2,True
F04-returned-handler,2,0,2,0,1,1,True
F04-returned-handler,2,1,2,1,1,3,False
F04-returned-handler,2,2,2,2,1,3,False
F04-returned-handler,2,4,2,4,1,3,False
F04-returned-handler,2,8,2,8,1,3,False
F04-returned-handler,3,0,3,0,1,1,True
F04-returned-handler,3,1,3,1,1,4,False
F04-returned-handler,3,2,3,2,1,4,False
F04-returned-handler,3,4,3,4,1,4,False
F04-returned-handler,3,8,3,8,1,4,False
F04-returned-handler,4,0,4,0,1,1,True
F04-returned-handler,4,1,4,1,1,4,False
F04-returned-handler,4,2,4,2,1,4,False
F04-returned-handler,4,4,4,4,1,4,False
F04-returned-handler,4,8,4,8,1,4,False
F04-returned-handler,6,0,6,0,1,1,True
F04-returned-handler,6,1,6,1,1,4,False
F04-returned-handler,6,2,6,2,1,4,False
F04-returned-handler,6,4,6,4,1,4,False
F04-returned-handler,6,8,6,8,1,4,False
F04-returned-handler,8,0,8,0,1,1,True
F04-returned-handler,8,1,8,1,1,4,False
F04-returned-handler,8,2,8,2,1,4,False
F04-returned-handler,8,4,8,4,1,4,False
F04-returned-handler,8,8,8,8,1,4,False
F05-label-collision,1,0,1,0,1,3,True
F05-label-collision,1,1,1,1,1,4,True
F05-label-collision,1,2,1,2,1,4,True
F05-label-collision,1,4,1,4,1,4,True
F05-label-collision,1,8,1,8,1,4,True
F05-label-collision,2,0,2,0,1,3,True
F05-label-collision,2,1,2,1,1,5,True
F05-label-collision,2,2,2,2,1,5,True
F05-label-collision,2,4,2,4,1,5,True
F05-label-collision,2,8,2,8,1,5,True
F05-label-collision,3,0,3,0,1,3,True
F05-label-collision,3,1,3,1,1,6,False
F05-label-collision,3,2,3,2,1,6,False
F05-label-collision,3,4,3,4,1,6,False
F05-label-collision,3,8,3,8,1,6,False
F05-label-collision,4,0,4,0,1,3,True
F05-label-collision,4,1,4,1,1,6,False
F05-label-collision,4,2,4,2,1,6,False
F05-label-collision,4,4,4,4,1,6,False
F05-label-collision,4,8,4,8,1,6,False
F05-label-collision,6,0,6,0,1,3,True
F05-label-collision,6,1,6,1,1,6,False
F05-label-collision,6,2,6,2,1,6,False
F05-label-collision,6,4,6,4,1,6,False
F05-label-collision,6,8,6,8,1,6,False
F05-label-collision,8,0,8,0,1,3,True
F05-label-collision,8,1,8,1,1,6,False
F05-label-collision,8,2,8,2,1,6,False
F05-label-collision,8,4,8,4,1,6,False
F05-label-collision,8,8,8,8,1,6,False
F06-open-window,1,0,1,0,0,5,True
F06-open-window,1,1,1,1,0,5,True
F06-open-window,1,2,1,2,0,5,True
F06-open-window,1,4,1,4,0,5,True
F06-open-window,1,8,1,8,0,5,True
F06-open-window,2,0,2,0,0,6,False
F06-open-window,2,1,2,1,0,6,False
F06-open-window,2,2,2,2,0,6,False
F06-open-window,2,4,2,4,0,6,False
F06-open-window,2,8,2,8,0,6,False
F06-open-window,3,0,3,0,0,6,False
F06-open-window,3,1,3,1,0,6,False
F06-open-window,3,2,3,2,0,6,False
F06-open-window,3,4,3,4,0,6,False
F06-open-window,3,8,3,8,0,6,False
F06-open-window,4,0,4,0,0,6,False
F06-open-window,4,1,4,1,0,6,False
F06-open-window,4,2,4,2,0,6,False
F06-open-window,4,4,4,4,0,6,False
F06-open-window,4,8,4,8,0,6,False
F06-open-window,6,0,6,0,0,6,False
F06-open-window,6,1,6,1,0,6,False
F06-open-window,6,2,6,2,0,6,False
F06-open-window,6,4,6,4,0,6,False
F06-open-window,6,8,6,8,0,6,False
F06-open-window,8,0,8,0,0,6,False
F06-open-window,8,1,8,1,0,6,False
F06-open-window,8,2,8,2,0,6,False
F06-open-window,8,4,8,4,0,6,False
F06-open-window,8,8,8,8,0,6,False
F07-infeasible-window,1,0,1,0,0,5,True
F07-infeasible-window,1,1,1,1,0,5,True
F07-infeasible-window,1,2,1,2,0,5,True
F07-infeasible-window,1,4,1,4,0,5,True
F07-infeasible-window,1,8,1,8,0,5,True
F07-infeasible-window,2,0,2,0,0,5,True
F07-infeasible-window,2,1,2,1,0,5,True
F07-infeasible-window,2,2,2,2,0,5,True
F07-infeasible-window,2,4,2,4,0,5,True
F07-infeasible-window,2,8,2,8,0,5,True
F07-infeasible-window,3,0,3,0,0,5,True
F07-infeasible-window,3,1,3,1,0,5,True
F07-infeasible-window,3,2,3,2,0,5,True
F07-infeasible-window,3,4,3,4,0,5,True
F07-infeasible-window,3,8,3,8,0,5,True
F07-infeasible-window,4,0,4,0,0,5,True
F07-infeasible-window,4,1,4,1,0,5,True
F07-infeasible-window,4,2,4,2,0,5,True
F07-infeasible-window,4,4,4,4,0,5,True
F07-infeasible-window,4,8,4,8,0,5,True
F07-infeasible-window,6,0,6,0,0,5,True
F07-infeasible-window,6,1,6,1,0,5,True
F07-infeasible-window,6,2,6,2,0,5,True
F07-infeasible-window,6,4,6,4,0,5,True
F07-infeasible-window,6,8,6,8,0,5,True
F07-infeasible-window,8,0,8,0,0,5,True
F07-infeasible-window,8,1,8,1,0,5,True
F07-infeasible-window,8,2,8,2,0,5,True
F07-infeasible-window,8,4,8,4,0,5,True
F07-infeasible-window,8,8,8,8,0,5,True
F08-resource-tradeoff,1,0,1,0,1,2,True
F08-resource-tradeoff,1,1,1,1,1,3,True
F08-resource-tradeoff,1,2,1,2,1,3,True
F08-resource-tradeoff,1,4,1,4,1,3,True
F08-resource-tradeoff,1,8,1,8,1,3,True
F08-resource-tradeoff,2,0,2,0,1,3,True
F08-resource-tradeoff,2,1,2,1,1,6,False
F08-resource-tradeoff,2,2,2,2,1,6,False
F08-resource-tradeoff,2,4,2,4,1,6,False
F08-resource-tradeoff,2,8,2,8,1,6,False
F08-resource-tradeoff,3,0,3,0,1,4,False
F08-resource-tradeoff,3,1,3,1,1,9,False
F08-resource-tradeoff,3,2,3,2,1,9,False
F08-resource-tradeoff,3,4,3,4,1,9,False
F08-resource-tradeoff,3,8,3,8,1,9,False
F08-resource-tradeoff,4,0,4,0,1,4,False
F08-resource-tradeoff,4,1,4,1,1,11,False
F08-resource-tradeoff,4,2,4,2,1,11,False
F08-resource-tradeoff,4,4,4,4,1,11,False
F08-resource-tradeoff,4,8,4,8,1,11,False
F08-resource-tradeoff,6,0,6,0,1,4,False
F08-resource-tradeoff,6,1,6,1,1,15,False
F08-resource-tradeoff,6,2,6,2,1,15,False
F08-resource-tradeoff,6,4,6,4,1,15,False
F08-resource-tradeoff,6,8,6,8,1,15,False
F08-resource-tradeoff,8,0,8,0,1,4,False
F08-resource-tradeoff,8,1,8,1,1,19,False
F08-resource-tradeoff,8,2,8,2,1,19,False
F08-resource-tradeoff,8,4,8,4,1,19,False
F08-resource-tradeoff,8,8,8,8,1,19,False
F09-nested-cause,1,0,1,0,2,1,True
F09-nested-cause,1,1,1,1,2,2,True
F09-nested-cause,1,2,1,2,2,2,True
F09-nested-cause,1,4,1,4,2,2,True
F09-nested-cause,1,8,1,8,2,2,True
F09-nested-cause,2,0,2,0,2,1,True
F09-nested-cause,2,1,2,1,2,3,True
F09-nested-cause,2,2,2,2,2,3,True
F09-nested-cause,2,4,2,4,2,3,True
F09-nested-cause,2,8,2,8,2,3,True
F09-nested-cause,3,0,3,0,2,1,True
F09-nested-cause,3,1,3,1,2,5,True
F09-nested-cause,3,2,3,2,2,6,True
F09-nested-cause,3,4,3,4,2,6,True
F09-nested-cause,3,8,3,8,2,6,True
F09-nested-cause,4,0,4,0,2,1,True
F09-nested-cause,4,1,4,1,2,7,True
F09-nested-cause,4,2,4,2,2,10,True
F09-nested-cause,4,4,4,4,2,10,True
F09-nested-cause,4,8,4,8,2,10,True
F09-nested-cause,6,0,6,0,2,1,True
F09-nested-cause,6,1,6,1,2,11,True
F09-nested-cause,6,2,6,2,2,21,False
F09-nested-cause,6,4,6,4,2,22,False
F09-nested-cause,6,8,6,8,2,22,False
F09-nested-cause,8,0,8,0,2,1,True
F09-nested-cause,8,1,8,1,2,15,True
F09-nested-cause,8,2,8,2,2,33,False
F09-nested-cause,8,4,8,4,2,39,False
F09-nested-cause,8,8,8,8,2,39,False
F10-unrepairable-source,1,0,1,0,0,2,True
F10-unrepairable-source,1,1,1,1,0,2,True
F10-unrepairable-source,1,2,1,2,0,2,True
F10-unrepairable-source,1,4,1,4,0,2,True
F10-unrepairable-source,1,8,1,8,0,2,True
F10-unrepairable-source,2,0,2,0,0,3,False
F10-unrepairable-source,2,1,2,1,0,3,False
F10-unrepairable-source,2,2,2,2,0,3,False
F10-unrepairable-source,2,4,2,4,0,3,False
F10-unrepairable-source,2,8,2,8,0,3,False
F10-unrepairable-source,3,0,3,0,0,3,False
F10-unrepairable-source,3,1,3,1,0,3,False
F10-unrepairable-source,3,2,3,2,0,3,False
F10-unrepairable-source,3,4,3,4,0,3,False
F10-unrepairable-source,3,8,3,8,0,3,False
F10-unrepairable-source,4,0,4,0,0,3,False
F10-unrepairable-source,4,1,4,1,0,3,False
F10-unrepairable-source,4,2,4,2,0,3,False
F10-unrepairable-source,4,4,4,4,0,3,False
F10-unrepairable-source,4,8,4,8,0,3,False
F10-unrepairable-source,6,0,6,0,0,3,False
F10-unrepairable-source,6,1,6,1,0,3,False
F10-unrepairable-source,6,2,6,2,0,3,False
F10-unrepairable-source,6,4,6,4,0,3,False
F10-unrepairable-source,6,8,6,8,0,3,False
F10-unrepairable-source,8,0,8,0,0,3,False
F10-unrepairable-source,8,1,8,1,0,3,False
F10-unrepairable-source,8,2,8,2,0,3,False
F10-unrepairable-source,8,4,8,4,0,3,False
F10-unrepairable-source,8,8,8,8,0,3,False
F11-alternative-cuts,1,0,1,0,0,3,True
F11-alternative-cuts,1,1,1,1,0,3,True
F11-alternative-cuts,1,2,1,2,0,3,True
F11-alternative-cuts,1,4,1,4,0,3,True
F11-alternative-cuts,1,8,1,8,0,3,True
F11-alternative-cuts,2,0,2,0,0,4,False
F11-alternative-cuts,2,1,2,1,0,4,False
F11-alternative-cuts,2,2,2,2,0,4,False
F11-alternative-cuts,2,4,2,4,0,4,False
F11-alternative-cuts,2,8,2,8,0,4,False
F11-alternative-cuts,3,0,3,0,0,4,False
F11-alternative-cuts,3,1,3,1,0,4,False
F11-alternative-cuts,3,2,3,2,0,4,False
F11-alternative-cuts,3,4,3,4,0,4,False
F11-alternative-cuts,3,8,3,8,0,4,False
F11-alternative-cuts,4,0,4,0,0,4,False
F11-alternative-cuts,4,1,4,1,0,4,False
F11-alternative-cuts,4,2,4,2,0,4,False
F11-alternative-cuts,4,4,4,4,0,4,False
F11-alternative-cuts,4,8,4,8,0,4,False
F11-alternative-cuts,6,0,6,0,0,4,False
F11-alternative-cuts,6,1,6,1,0,4,False
F11-alternative-cuts,6,2,6,2,0,4,False
F11-alternative-cuts,6,4,6,4,0,4,False
F11-alternative-cuts,6,8,6,8,0,4,False
F11-alternative-cuts,8,0,8,0,0,4,False
F11-alternative-cuts,8,1,8,1,0,4,False
F11-alternative-cuts,8,2,8,2,0,4,False
F11-alternative-cuts,8,4,8,4,0,4,False
F11-alternative-cuts,8,8,8,8,0,4,False
F12-disjunctive-join,1,0,1,0,0,3,True
F12-disjunctive-join,1,1,1,1,0,3,True
F12-disjunctive-join,1,2,1,2,0,3,True
F12-disjunctive-join,1,4,1,4,0,3,True
F12-disjunctive-join,1,8,1,8,0,3,True
F12-disjunctive-join,2,0,2,0,0,5,True
F12-disjunctive-join,2,1,2,1,0,5,True
F12-disjunctive-join,2,2,2,2,0,5,True
F12-disjunctive-join,2,4,2,4,0,5,True
F12-disjunctive-join,2,8,2,8,0,5,True
F12-disjunctive-join,3,0,3,0,0,6,True
F12-disjunctive-join,3,1,3,1,0,6,True
F12-disjunctive-join,3,2,3,2,0,6,True
F12-disjunctive-join,3,4,3,4,0,6,True
F12-disjunctive-join,3,8,3,8,0,6,True
F12-disjunctive-join,4,0,4,0,0,7,False
F12-disjunctive-join,4,1,4,1,0,7,False
F12-disjunctive-join,4,2,4,2,0,7,False
F12-disjunctive-join,4,4,4,4,0,7,False
F12-disjunctive-join,4,8,4,8,0,7,False
F12-disjunctive-join,6,0,6,0,0,7,False
F12-disjunctive-join,6,1,6,1,0,7,False
F12-disjunctive-join,6,2,6,2,0,7,False
F12-disjunctive-join,6,4,6,4,0,7,False
F12-disjunctive-join,6,8,6,8,0,7,False
F12-disjunctive-join,8,0,8,0,0,7,False
F12-disjunctive-join,8,1,8,1,0,7,False
F12-disjunctive-join,8,2,8,2,0,7,False
F12-disjunctive-join,8,4,8,4,0,7,False
F12-disjunctive-join,8,8,8,8,0,7,False
