word,plan,active_word,has_P_before_C,safe
,0,,False,False
,1,,False,False
,2,,False,False
,3,,False,False
P,0,,False,False
P,1,P,False,False
P,2,,False,False
P,3,P,False,False
C,0,,False,False
C,1,,False,False
C,2,C,False,False
C,3,C,False,False
PP,0,,False,False
PP,1,PP,False,False
PP,2,,False,False
PP,3,PP,False,False
PC,0,,False,False
PC,1,P,False,False
PC,2,C,False,False
PC,3,PC,True,True
CP,0,,False,False
CP,1,P,False,False
CP,2,C,False,False
CP,3,CP,False,False
CC,0,,False,False
CC,1,,False,False
CC,2,CC,False,False
CC,3,CC,False,False
PPP,0,,False,False
PPP,1,PPP,False,False
PPP,2,,False,False
PPP,3,PPP,False,False
PPC,0,,False,False
PPC,1,PP,False,False
PPC,2,C,False,False
PPC,3,PPC,True,True
PCP,0,,False,False
PCP,1,PP,False,False
PCP,2,C,False,False
PCP,3,PCP,True,True
PCC,0,,False,False
PCC,1,P,False,False
PCC,2,CC,False,False
PCC,3,PCC,True,True
CPP,0,,False,False
CPP,1,PP,False,False
CPP,2,C,False,False
CPP,3,CPP,False,False
CPC,0,,False,False
CPC,1,P,False,False
CPC,2,CC,False,False
CPC,3,CPC,True,True
CCP,0,,False,False
CCP,1,P,False,False
CCP,2,CC,False,False
CCP,3,CCP,False,False
CCC,0,,False,False
CCC,1,,False,False
CCC,2,CCC,False,False
CCC,3,CCC,False,False
PPPP,0,,False,False
PPPP,1,PPPP,False,False
PPPP,2,,False,False
PPPP,3,PPPP,False,False
PPPC,0,,False,False
PPPC,1,PPP,False,False
PPPC,2,C,False,False
PPPC,3,PPPC,True,True
PPCP,0,,False,False
PPCP,1,PPP,False,False
PPCP,2,C,False,False
PPCP,3,PPCP,True,True
PPCC,0,,False,False
PPCC,1,PP,False,False
PPCC,2,CC,False,False
PPCC,3,PPCC,True,True
PCPP,0,,False,False
PCPP,1,PPP,False,False
PCPP,2,C,False,False
PCPP,3,PCPP,True,True
PCPC,0,,False,False
PCPC,1,PP,False,False
PCPC,2,CC,False,False
PCPC,3,PCPC,True,True
PCCP,0,,False,False
PCCP,1,PP,False,False
PCCP,2,CC,False,False
PCCP,3,PCCP,True,True
PCCC,0,,False,False
PCCC,1,P,False,False
PCCC,2,CCC,False,False
PCCC,3,PCCC,True,True
CPPP,0,,False,False
CPPP,1,PPP,False,False
CPPP,2,C,False,False
CPPP,3,CPPP,False,False
CPPC,0,,False,False
CPPC,1,PP,False,False
CPPC,2,CC,False,False
CPPC,3,CPPC,True,True
CPCP,0,,False,False
CPCP,1,PP,False,False
CPCP,2,CC,False,False
CPCP,3,CPCP,True,True
CPCC,0,,False,False
CPCC,1,P,False,False
CPCC,2,CCC,False,False
CPCC,3,CPCC,True,True
CCPP,0,,False,False
CCPP,1,PP,False,False
CCPP,2,CC,False,False
CCPP,3,CCPP,False,False
CCPC,0,,False,False
CCPC,1,P,False,False
CCPC,2,CCC,False,False
CCPC,3,CCPC,True,True
CCCP,0,,False,False
CCCP,1,P,False,False
CCCP,2,CCC,False,False
CCCP,3,CCCP,False,False
CCCC,0,,False,False
CCCC,1,,False,False
CCCC,2,CCCC,False,False
CCCC,3,CCCC,False,False
