model,family,locations,transitions,atoms,base_event_cap,interrupt_cap,depth_cap,skeleton_states,skeleton_edges,proof_terms,frontier_records,safe_plans,minimum_cost,policy_budget_queries,oracle_plan_instances,explicit_edge_visits_all_plans,longest_discrete_row_path,charged_work
F01-direct-use,fixed,2,1,1,1,0,0,2,1,2,1,1,1,4,2,2,1,28
F02-deferred-cause,fixed,4,3,3,3,0,0,4,3,8,2,5,3,32,8,24,3,181
F03-truncated-handler,fixed,4,3,1,2,1,1,3,2,3,1,1,1,24,2,4,2,62
F04-returned-handler,fixed,4,3,1,3,1,1,4,3,4,1,1,1,32,2,6,3,84
F05-label-collision,fixed,4,3,1,3,1,1,6,5,6,1,1,1,32,2,10,3,116
F06-open-window,fixed,3,2,1,2,0,0,6,5,6,1,1,1,6,2,10,2,80
F07-infeasible-window,fixed,3,2,1,2,0,0,5,4,5,0,2,0,6,2,8,1,61
F08-resource-tradeoff,fixed,5,6,2,3,1,1,9,8,9,2,1,3,64,4,32,3,261
F09-nested-cause,fixed,6,7,2,6,2,2,21,21,8,1,3,1,252,4,84,6,715
F10-unrepairable-source,fixed,3,2,1,2,0,0,3,2,2,1,0,,6,2,4,2,43
F11-alternative-cuts,fixed,4,4,3,2,0,0,4,4,5,2,5,2,24,8,32,2,206
F12-disjunctive-join,fixed,6,6,2,4,0,0,6,6,8,2,1,2,20,4,29,4,200
G00,finite-grammar,4,3,2,3,0,0,4,3,0,0,4,0,16,0,12,3,47
G01,finite-grammar,4,3,2,3,0,0,4,3,3,1,2,1,16,0,12,3,53
G02,finite-grammar,4,3,2,3,0,0,4,3,3,0,4,0,16,0,12,3,50
G03,finite-grammar,4,3,2,3,0,0,4,3,0,0,4,0,16,0,12,3,47
G04,finite-grammar,4,3,2,3,0,0,4,3,2,1,2,1,16,0,12,3,52
G05,finite-grammar,4,3,2,3,0,0,4,3,3,1,2,1,16,0,12,3,53
G06,finite-grammar,4,3,2,3,0,0,4,3,5,1,2,1,16,0,12,3,55
G07,finite-grammar,4,3,2,3,0,0,4,3,2,1,2,1,16,0,12,3,52
G08,finite-grammar,4,3,2,3,0,0,4,3,2,0,4,0,16,0,12,3,49
G09,finite-grammar,4,3,2,3,0,0,4,3,5,1,2,1,16,0,12,3,55
G10,finite-grammar,4,3,2,3,0,0,4,3,3,0,4,0,16,0,12,3,50
G11,finite-grammar,4,3,2,3,0,0,4,3,2,0,4,0,16,0,12,3,49
G12,finite-grammar,4,3,2,3,0,0,4,3,0,0,4,0,16,0,12,3,47
G13,finite-grammar,4,3,2,3,0,0,4,3,3,1,2,1,16,0,12,3,53
G14,finite-grammar,4,3,2,3,0,0,4,3,3,1,3,1,16,0,12,3,53
G15,finite-grammar,4,3,2,3,0,0,4,3,0,0,4,0,16,0,12,3,47
G16,finite-grammar,4,3,2,3,0,0,4,3,4,1,2,1,16,0,12,3,54
G17,finite-grammar,4,3,2,3,0,0,4,3,4,1,2,1,16,0,12,3,54
G18,finite-grammar,4,3,2,3,0,0,4,3,7,1,2,1,16,0,12,3,57
G19,finite-grammar,4,3,2,3,0,0,4,3,4,1,2,1,16,0,12,3,54
G20,finite-grammar,4,3,2,3,0,0,4,3,4,1,2,1,16,0,12,3,54
G21,finite-grammar,4,3,2,3,0,0,4,3,4,1,2,1,16,0,12,3,54
G22,finite-grammar,4,3,2,3,0,0,4,3,7,1,2,1,16,0,12,3,57
G23,finite-grammar,4,3,2,3,0,0,4,3,4,1,2,1,16,0,12,3,54
G24,finite-grammar,4,3,2,3,0,0,4,3,6,1,2,1,16,0,12,3,56
G25,finite-grammar,4,3,2,3,0,0,4,3,6,1,2,1,16,0,12,3,56
G26,finite-grammar,4,3,2,3,0,0,4,3,7,1,2,1,16,0,12,3,57
G27,finite-grammar,4,3,2,3,0,0,4,3,6,1,2,1,16,0,12,3,56
G28,finite-grammar,4,3,2,3,0,0,4,3,4,1,2,1,16,0,12,3,54
G29,finite-grammar,4,3,2,3,0,0,4,3,4,1,2,1,16,0,12,3,54
G30,finite-grammar,4,3,2,3,0,0,4,3,6,1,2,1,16,0,12,3,56
G31,finite-grammar,4,3,2,3,0,0,4,3,4,1,2,1,16,0,12,3,54
G32,finite-grammar,4,3,2,3,0,0,4,3,4,0,4,0,16,0,12,3,51
G33,finite-grammar,4,3,2,3,0,0,4,3,7,1,2,1,16,0,12,3,57
G34,finite-grammar,4,3,2,3,0,0,4,3,4,0,4,0,16,0,12,3,51
G35,finite-grammar,4,3,2,3,0,0,4,3,4,1,2,1,16,0,12,3,54
G36,finite-grammar,4,3,2,3,0,0,4,3,6,1,2,1,16,0,12,3,56
G37,finite-grammar,4,3,2,3,0,0,4,3,7,1,2,1,16,0,12,3,57
G38,finite-grammar,4,3,2,3,0,0,4,3,6,1,2,1,16,0,12,3,56
G39,finite-grammar,4,3,2,3,0,0,4,3,4,1,2,1,16,0,12,3,54
G40,finite-grammar,4,3,2,3,0,0,4,3,4,0,4,0,16,0,12,3,51
G41,finite-grammar,4,3,2,3,0,0,4,3,7,1,2,1,16,0,12,3,57
G42,finite-grammar,4,3,2,3,0,0,4,3,4,0,4,0,16,0,12,3,51
G43,finite-grammar,4,3,2,3,0,0,4,3,6,1,2,1,16,0,12,3,56
G44,finite-grammar,4,3,2,3,0,0,4,3,4,1,3,1,16,0,12,3,54
G45,finite-grammar,4,3,2,3,0,0,4,3,5,1,2,1,16,0,12,3,55
G46,finite-grammar,4,3,2,3,0,0,4,3,4,1,3,1,16,0,12,3,54
G47,finite-grammar,4,3,2,3,0,0,4,3,4,1,2,1,16,0,12,3,54
G48,finite-grammar,4,3,2,3,0,0,4,3,8,1,2,1,16,0,12,3,58
G49,finite-grammar,4,3,2,3,0,0,4,3,8,1,2,1,16,0,12,3,58
G50,finite-grammar,4,3,2,3,0,0,4,3,8,1,2,1,16,0,12,3,58
G51,finite-grammar,4,3,2,3,0,0,4,3,5,1,2,1,16,0,12,3,55
G52,finite-grammar,4,3,2,3,0,0,4,3,8,1,2,1,16,0,12,3,58
G53,finite-grammar,4,3,2,3,0,0,4,3,8,1,2,1,16,0,12,3,58
G54,finite-grammar,4,3,2,3,0,0,4,3,8,1,2,1,16,0,12,3,58
G55,finite-grammar,4,3,2,3,0,0,4,3,5,1,2,1,16,0,12,3,55
G56,finite-grammar,4,3,2,3,0,0,4,3,8,1,2,1,16,0,12,3,58
G57,finite-grammar,4,3,2,3,0,0,4,3,8,1,2,1,16,0,12,3,58
G58,finite-grammar,4,3,2,3,0,0,4,3,8,1,2,1,16,0,12,3,58
G59,finite-grammar,4,3,2,3,0,0,4,3,7,1,2,1,16,0,12,3,57
G60,finite-grammar,4,3,2,3,0,0,4,3,7,1,2,1,16,0,12,3,57
G61,finite-grammar,4,3,2,3,0,0,4,3,6,1,2,1,16,0,12,3,56
G62,finite-grammar,4,3,2,3,0,0,4,3,7,1,2,1,16,0,12,3,57
G63,finite-grammar,4,3,2,3,0,0,4,3,5,1,2,1,16,0,12,3,55
T2-1,threshold,5,5,2,3,0,0,5,5,7,2,1,2,16,4,22,3,159
T4-2,threshold,10,13,4,5,0,0,10,13,25,6,5,3,96,16,252,5,1652
T6-3,threshold,17,25,6,7,0,0,17,25,89,20,22,4,512,0,2081,7,2922
T8-4,threshold,26,41,8,9,0,0,26,41,321,70,93,5,2560,0,14264,9,17800
