claim_id,claim,theorem_or_lemma,proof_or_checker,source_or_test,experiment,figure_or_table,raw_result,maturity,fresh_recheck
T1,Exact bounded abstraction for the declared one-clock grammar,Lemmas1–2; Theorem1,docs/proofs.md; solver.py,All12 small-oracle comparisons,six events/two deliveries and targeted C08 seven-event check,Main equations2–4,results/oracle.csv; results/tests.json,proved mathematical argument; finite implementation checks,Full mathematical argument reviewed; no proof assistant; clean checks recorded separately
T2,"Structural certificate exists iff model-relative bounded safety, without executable caps",Theorem2,docs/proofs.md; verify.py,Initial coverage/closure/use clauses,37-method tests plus full certificates,Main SectionV,results/certificates/; results/tests.json,proved mathematical argument; finite implementation checks,Resource-conditional completeness explicitly separated from logical existence
T3,Half-unit canonical diagnostics suffice for this fragment,Lemma3 in standalone proof,docs/proofs.md; solver.py; verify.py,C05 fractional diagnostic and other four diagnostics,full bounds,Main SectionsIV–V,results/certificates/C05.json,proved mathematical argument; finite-checked,All five diagnostics validated against trusted model
B1,Clean boundary returns do not determine erased interior-use safety,Proposition1,docs/proofs.md,C01 versus C02,full bounds; omission control,Main Figure1,results/models.csv; results/omissions.csv,proved restricted indistinguishability; finite-checked,Only boundary-only summaries are covered
B2,Integer-only sampling misses the strict-window counterexample,Proposition2,docs/proofs.md; oracle.py,C05,integer comparison on all12,Main Figure2,results/models.csv; results/tests.json,proved explicit witness; finite-checked,No generic discretization guarantee inferred
B3,Global cleanliness is not necessary for use-specific safety,Proposition2,docs/proofs.md,C06,full bounds and reachable dirty-state test,Main SectionVI-C,results/models.csv; results/tests.json,proved for owned model; finite-checked,Delivery does not reset clock; use guard becomes infeasible
B4,Deleting model obligations can yield accepted safe certificates for changed models,Proposition3,docs/proofs.md; reproduce.py,"C01,C03,C05",three omission controls,Main SectionVI-E,results/omissions.csv,finite-checked with elementary explanation,"Expected trusted-model boundary, not a checker exploit"
E1,Seven safe and five unsafe models;10847states;37840full generator obligations,No general theorem about deployments,reproduce.py,"A01–A04,C01–C08",32events;8deliveries,Main TableI,results/models.csv; results/reference.json,finite-checked,Deterministic clean-extraction comparison required and recorded; clean-extraction semantic recheck succeeded
E2,All12 reachable-set oracle comparisons match;2553constraint systems,Exact difference-constraint algorithm argument,oracle.py; docs/proofs.md,All12models,6events;2deliveries,Supplement TableI,results/oracle.csv,finite-checked; algorithm argument,C08 failure requires separate seven-event check; clean-extraction semantic recheck succeeded
E3,37test methods pass;22selected malformed controls rejected,None claimed,run_tests.py; tests/test_core.py,selected cases listed in supplement,bounded unit suite,Main SectionVII-C,results/tests.json,finite-checked,Not exhaustive parser assurance or independent review; clean-extraction semantic recheck succeeded
E4,Threshold changes with event and delivery bounds in the fixed40configuration grid,Monotonicity discussion only,reproduce.py,"C07,C08",5eventbounds x4deliverybounds x2models,Main SectionVII-B,results/sensitivity.csv,finite-checked,No universal interruption cutoff claimed; clean-extraction semantic recheck succeeded
E5,Primary-run resource observations establish small-case feasibility only,None,reproduce.py; run_tests.py,one-worker primary run and tests,fixed protocol,Main SectionVII-D,results/measurements.json; results/tests.json; results/pilot.json,measured,Single runs; no benchmark comparison or speedup
E6,Standalone clean reproduction matches retained scientific outputs,None,README.md documented commands,all retained inputs,clean extraction,Artifact availability,results/clean-reproduction.json,reproduced from clean extraction in separate processes; not independent review,"All fixed-protocol deterministic fields, four CSVs and twelve certificates match; 37 test outcomes agree; direct verifier SAFE; see clean-reproduction.json"
L1,Temporal motivation and original-paper authorship verified,"Source observation, not a theorem",docs/literature.md,TONTOU primary record and PDF,no source attack execution,Main SectionI,external_resources.csv,source-verified,Narrow motivation only; source re-neutralization discussion acknowledged
L2,"Core region/certificate principles are established, not a new contribution here",Comparison to Alur–Dill and Wimmer/von Mutius,docs/literature.md,primary scholarly sources,no comparative experiments,Main SectionII,external_resources.csv,source-supported comparison,Final publisher title resolves differing author-draft title
L3,Finite implementation agreement is not mechanical verification,Evidence-type distinction,docs/literature.md,Wimmer/Lammich comparison,none,Main SectionII,external_resources.csv,source-supported boundary,No named proof assistant run here
L4,Hardware-software contracts predate this investigation,Source comparison,docs/literature.md,Guarnieri et al.,none,Main SectionII,external_resources.csv,source-verified narrow claim,No broad state-of-the-art completeness claim
L5,Nearby work addresses RTL verification of speculative contracts,Source comparison,docs/literature.md,Contract Shadow Logic,none,Main SectionII,external_resources.csv,source-verified narrow claim,Author preprint explicitly identified
L6,Recent modular hardware-contract work includes precise interrupts,Source comparison,docs/literature.md,Granite preprint,none,Main SectionII,external_resources.csv,source-verified narrow claim,Preprint status and declared limits preserved
U1,Correspondence to a deployed defense or RTL implementation,Conditional transfer premise only,Not supplied,No implementation source or trace mapping,not run,Main SectionVIII,none,unverified; not claimed,P1 significance/fidelity hold remains
U2,Novel substantive TDSC research contribution,None retained,Not supplied,Baseline theorem is established,not established,Main SectionVIII,none,unsupported; not claimed,Research lock not acquired
U3,"Unbounded safety, general multi-clock or arbitrary nesting guarantee",None,Out of declared grammar,No evidence,not run,Main SectionVIII,none,excluded,Do not infer from finite checks
