id,events,interrupts,safe,states,obligations
C07,6,0,True,12,16
C07,6,1,True,22,42
C07,6,2,False,30,63
C07,6,8,False,30,63
C07,7,0,True,14,19
C07,7,1,True,26,51
C07,7,2,False,36,78
C07,7,8,False,36,78
C07,8,0,True,16,22
C07,8,1,True,30,60
C07,8,2,False,42,93
C07,8,8,False,42,93
C07,16,0,True,32,46
C07,16,1,True,62,132
C07,16,2,False,90,213
C07,16,8,False,90,213
C07,32,0,True,64,94
C07,32,1,True,126,276
C07,32,2,False,186,453
C07,32,8,False,186,453
C08,6,0,True,12,16
C08,6,1,True,32,54
C08,6,2,True,49,78
C08,6,8,True,49,78
C08,7,0,True,14,19
C08,7,1,True,39,68
C08,7,2,False,67,111
C08,7,8,False,69,113
C08,8,0,True,16,22
C08,8,1,True,46,82
C08,8,2,False,85,147
C08,8,8,False,93,157
C08,16,0,True,32,46
C08,16,1,True,102,194
C08,16,2,False,229,435
C08,16,8,False,414,764
C08,32,0,True,64,94
C08,32,1,True,214,418
C08,32,2,False,517,1011
C08,32,8,False,1642,3183
